XpryDt,FinInstrmNm,TckrSymb,PCLOSE,OPEN,HIGH,LOW,CLOSE,SttlmPric,TtlTradgVol,OpnIntrst,RptgDt,TYPE,Week,Weekly Returns(%)
5/25/2023,FUTSTK,TATACONSUM,718,718,724.9,717.45,724.2,724.2,60,115200,3-Apr-23,2,15,
5/25/2023,FUTSTK,TATACONSUM,724.2,727.85,735,724.25,734.7,734.7,96,160200,5-Apr-23,2,15,
5/25/2023,FUTSTK,TATACONSUM,734.7,733.25,736.8,729.45,735.9,735.9,61,169200,6-Apr-23,2,15,1.615575808
5/25/2023,FUTSTK,TATACONSUM,723.7,726.3,727,721.8,724.2,724.2,117,479700,12-Apr-23,2,16,-1.589889931
5/25/2023,FUTSTK,TATACONSUM,724.1,724.35,725.85,718.2,719.3,719.3,416,704700,17-Apr-23,2,17,
5/25/2023,FUTSTK,TATACONSUM,713.15,710.05,713,703.4,705.8,705.8,590,1118700,19-Apr-23,2,17,
5/25/2023,FUTSTK,TATACONSUM,705.8,702.25,710,702.25,709.05,709.05,706,1360800,20-Apr-23,2,17,
5/25/2023,FUTSTK,TATACONSUM,709.05,708.5,710.2,702.5,705.6,705.6,839,1702800,21-Apr-23,2,17,-0.01904629501
5/25/2023,FUTSTK,TATACONSUM,705.6,709.85,738.9,709.2,737.25,737.25,8470,4770000,24-Apr-23,2,18,
5/25/2023,FUTSTK,TATACONSUM,737.25,739.95,741.5,733.6,739,739,5233,6884100,25-Apr-23,2,18,
5/25/2023,FUTSTK,TATACONSUM,739,731.35,743.85,720,741.95,741.95,10443,8929800,26-Apr-23,2,18,
6/29/2023,FUTSTK,TATACONSUM,754.4,756.35,762.5,753.15,762,762,90,247500,28-Apr-23,2,18,3.357070193
6/29/2023,FUTSTK,TATACONSUM,775.9,781,787.55,779,787.05,787.05,99,322200,8-May-23,2,20,
6/29/2023,FUTSTK,TATACONSUM,787.05,788,790,785,787.25,787.25,86,351000,9-May-23,2,20,
6/29/2023,FUTSTK,TATACONSUM,787.25,787.95,789.55,785.05,788.9,788.9,181,366300,10-May-23,2,20,0.235054952
6/29/2023,FUTSTK,TATACONSUM,775.25,777.35,781.85,773.45,774.5,774.5,356,1161900,18-May-23,2,21,
6/29/2023,FUTSTK,TATACONSUM,774.5,771.75,773,763.2,769.9,769.9,848,1502100,19-May-23,2,21,-0.005939315688
6/29/2023,FUTSTK,TATACONSUM,769.9,770.15,773.7,767.05,771.15,771.15,3567,3699900,22-May-23,2,22,
6/29/2023,FUTSTK,TATACONSUM,771.15,772.95,776.15,768.75,775.25,775.25,3785,6189300,23-May-23,2,22,
7/27/2023,FUTSTK,TATACONSUM,790.2,790.85,799.5,790.85,797.45,797.45,32,39600,26-May-23,2,22,3.410490825
7/27/2023,FUTSTK,TATACONSUM,797.45,801.05,804,801,804,804,20,42300,29-May-23,2,23,
7/27/2023,FUTSTK,TATACONSUM,804,803.9,803.95,800.4,800.4,799.95,6,44100,30-May-23,2,23,
7/27/2023,FUTSTK,TATACONSUM,800.4,800.05,807.95,800,806.9,806.9,57,67500,31-May-23,2,23,
7/27/2023,FUTSTK,TATACONSUM,806.9,802.1,808.4,801.1,801.75,801.75,118,122400,1-Jun-23,2,23,
7/27/2023,FUTSTK,TATACONSUM,801.75,804.7,807.4,802.65,804.85,804.85,108,169200,2-Jun-23,2,23,0.105721393
7/27/2023,FUTSTK,TATACONSUM,804.85,804.95,809.45,801.2,802.85,802.85,201,270900,5-Jun-23,2,24,
7/27/2023,FUTSTK,TATACONSUM,802.85,802.25,802.25,794.6,799.05,799.05,251,426600,6-Jun-23,2,24,
7/27/2023,FUTSTK,TATACONSUM,799.05,807.1,831.45,802.75,830.45,830.45,215,458100,7-Jun-23,2,24,
7/27/2023,FUTSTK,TATACONSUM,830.45,831.8,833.2,814.85,815.7,815.7,114,481500,8-Jun-23,2,24,
7/27/2023,FUTSTK,TATACONSUM,815.7,815.65,818,807,809.5,809.5,418,760500,9-Jun-23,2,24,0.8282991842
7/27/2023,FUTSTK,TATACONSUM,809.5,808.3,814.2,806.85,809.3,809.3,99,799200,12-Jun-23,2,25,
7/27/2023,FUTSTK,TATACONSUM,809.3,814.35,827,811.5,826,826,210,865800,13-Jun-23,2,25,
7/27/2023,FUTSTK,TATACONSUM,826,825,873.65,822.8,870.35,870.35,829,1009800,14-Jun-23,2,25,
7/27/2023,FUTSTK,TATACONSUM,870.35,870.75,879.05,865,871.2,871.2,445,1080000,15-Jun-23,2,25,
7/27/2023,FUTSTK,TATACONSUM,871.2,875.1,877.15,859.2,869,869,308,1085400,16-Jun-23,2,25,7.376745335
7/27/2023,FUTSTK,TATACONSUM,869,867.5,875.45,862.05,865.55,865.55,324,1075500,19-Jun-23,2,26,
7/27/2023,FUTSTK,TATACONSUM,865.55,867.95,872.8,855,866.5,866.5,517,1155600,20-Jun-23,2,26,
7/27/2023,FUTSTK,TATACONSUM,866.5,867.2,882.9,859.7,865.6,865.6,953,1431900,21-Jun-23,2,26,
7/27/2023,FUTSTK,TATACONSUM,865.6,867.05,867.45,848.05,849.45,849.45,868,1576800,22-Jun-23,2,26,
7/27/2023,FUTSTK,TATACONSUM,849.45,850.05,852,838.8,847.7,847.7,1909,2561400,23-Jun-23,2,26,-2.062272543
7/27/2023,FUTSTK,TATACONSUM,847.7,850.9,871.95,850.9,869.25,869.25,5391,5137200,26-Jun-23,2,27,
7/27/2023,FUTSTK,TATACONSUM,869.25,870,872.75,858.05,859.3,859.3,4257,7400700,27-Jun-23,2,27,
7/27/2023,FUTSTK,TATACONSUM,859.3,859.25,864.8,856.35,859.65,859.65,3819,9059400,28-Jun-23,2,27,
8/31/2023,FUTSTK,TATACONSUM,866.2,861.7,873.95,860.45,872.9,872.9,94,81000,30-Jun-23,2,27,0.4199022146
8/31/2023,FUTSTK,TATACONSUM,872.9,873.85,874.95,868.5,869.75,869.75,143,137700,3-Jul-23,2,28,
8/31/2023,FUTSTK,TATACONSUM,869.75,868.9,870.05,863.2,866.5,866.5,83,159300,4-Jul-23,2,28,
8/31/2023,FUTSTK,TATACONSUM,866.5,867.25,870.25,851.75,856.95,856.95,241,223200,5-Jul-23,2,28,
8/31/2023,FUTSTK,TATACONSUM,856.95,853.9,856.25,851.8,855.05,855.05,200,312300,6-Jul-23,2,28,
8/31/2023,FUTSTK,TATACONSUM,855.05,856.35,861.6,841,841.85,841.85,242,416700,7-Jul-23,2,28,-0.03207818339
8/31/2023,FUTSTK,TATACONSUM,841.85,844.9,844.9,830.7,835.1,835.1,316,555300,10-Jul-23,2,29,
8/31/2023,FUTSTK,TATACONSUM,835.1,837.7,850,837.7,847.95,847.95,240,647100,11-Jul-23,2,29,
8/31/2023,FUTSTK,TATACONSUM,847.95,850.95,854.9,847.95,851,851,98,657000,12-Jul-23,2,29,
8/31/2023,FUTSTK,TATACONSUM,851,853.5,857.15,844,845.8,845.8,91,679500,13-Jul-23,2,29,
8/31/2023,FUTSTK,TATACONSUM,845.8,843.2,860,843.1,858.95,858.95,188,651600,14-Jul-23,2,29,2.855945396
8/31/2023,FUTSTK,TATACONSUM,858.95,862.75,868,857.05,859.25,859.25,378,703800,17-Jul-23,2,30,
8/31/2023,FUTSTK,TATACONSUM,859.25,857.85,869,856,864.5,864.5,245,738900,18-Jul-23,2,30,
8/31/2023,FUTSTK,TATACONSUM,864.5,865.15,869.15,860.25,865.65,865.65,264,765900,19-Jul-23,2,30,
8/31/2023,FUTSTK,TATACONSUM,865.65,864.6,883.55,862.55,880.85,880.85,738,954900,20-Jul-23,2,30,
8/31/2023,FUTSTK,TATACONSUM,880.85,878.15,882.55,858.2,860.65,860.65,2019,1932300,21-Jul-23,2,30,0.1629327902
8/31/2023,FUTSTK,TATACONSUM,860.65,857.75,872.6,855.2,868.9,868.9,4153,4590900,24-Jul-23,2,31,
8/31/2023,FUTSTK,TATACONSUM,868.9,867.5,877.1,862.45,875.9,875.9,3561,6614100,25-Jul-23,2,31,
8/31/2023,FUTSTK,TATACONSUM,875.9,873.65,890.9,873.65,879.4,879.4,6096,9039600,26-Jul-23,2,31,
8/31/2023,FUTSTK,TATACONSUM,879.4,879.95,881.45,853.55,856.1,856.1,8675,11080800,27-Jul-23,2,31,
9/28/2023,FUTSTK,TATACONSUM,861.45,854.7,874.4,854.7,873.35,873.35,75,66600,28-Jul-23,2,31,0.5121417885
9/28/2023,FUTSTK,TATACONSUM,873.35,869.75,871.85,868.5,870.5,870.5,31,72900,31-Jul-23,2,32,
9/28/2023,FUTSTK,TATACONSUM,870.5,870.8,873.5,865,867.65,867.65,52,90000,1-Aug-23,2,32,
9/28/2023,FUTSTK,TATACONSUM,867.65,862.4,863.15,851,854.55,854.55,101,114300,2-Aug-23,2,32,
9/28/2023,FUTSTK,TATACONSUM,854.55,850.45,851.7,846.15,848.05,848.05,45,123300,3-Aug-23,2,32,
9/28/2023,FUTSTK,TATACONSUM,848.05,851,851,841.9,846.4,846.4,44,130500,4-Aug-23,2,32,-0.02768523837
9/28/2023,FUTSTK,TATACONSUM,846.4,845.25,848.85,839.8,846.2,846.2,115,162900,7-Aug-23,2,33,
9/28/2023,FUTSTK,TATACONSUM,846.2,846.4,861.3,842.9,855.3,855.3,152,212400,8-Aug-23,2,33,
9/28/2023,FUTSTK,TATACONSUM,855.3,857.2,870.45,855.45,868.55,868.55,144,251100,9-Aug-23,2,33,
9/28/2023,FUTSTK,TATACONSUM,868.55,863.95,864.35,856.55,858.3,858.3,87,274500,10-Aug-23,2,33,
9/28/2023,FUTSTK,TATACONSUM,858.3,853.25,853.25,843.75,844.75,844.75,89,306000,11-Aug-23,2,33,-0.1713542898
9/28/2023,FUTSTK,TATACONSUM,844.75,840,852,839,851.05,851.05,69,312300,14-Aug-23,2,34,
9/28/2023,FUTSTK,TATACONSUM,851.05,847.7,848.55,843.6,847.9,847.9,60,326700,16-Aug-23,2,34,
9/28/2023,FUTSTK,TATACONSUM,847.9,843.25,850.45,843,849.8,849.8,88,343800,17-Aug-23,2,34,
9/28/2023,FUTSTK,TATACONSUM,849.8,847.3,852.75,841,848.55,848.55,169,395100,18-Aug-23,2,34,-0.2937547735
9/28/2023,FUTSTK,TATACONSUM,848.55,849.3,854.35,846,853.55,853.55,169,441900,21-Aug-23,2,35,
9/28/2023,FUTSTK,TATACONSUM,853.55,853.25,856.85,849.7,853.45,853.45,228,494100,22-Aug-23,2,35,
9/28/2023,FUTSTK,TATACONSUM,853.45,852,852.6,846,850.05,850.05,143,512100,23-Aug-23,2,35,
9/28/2023,FUTSTK,TATACONSUM,850.05,852,859.5,849.05,849.85,849.85,366,612000,24-Aug-23,2,35,
9/28/2023,FUTSTK,TATACONSUM,849.85,847.4,851.6,837.1,838.85,838.85,574,847800,25-Aug-23,2,35,-0.01722218968
9/28/2023,FUTSTK,TATACONSUM,838.85,835.25,846.6,834,846,846,3350,3057300,28-Aug-23,2,36,
9/28/2023,FUTSTK,TATACONSUM,846,843.95,847.3,840.05,842.05,842.05,2725,4837500,29-Aug-23,2,36,
9/28/2023,FUTSTK,TATACONSUM,842.05,846.05,854.45,843,852.8,852.8,3875,7081200,30-Aug-23,2,36,
9/28/2023,FUTSTK,TATACONSUM,852.8,853.6,853.6,835,839.45,839.45,5947,9563400,31-Aug-23,2,36,
10/26/2023,FUTSTK,TATACONSUM,844.7,850.7,856.5,850,853.95,853.95,47,51300,1-Sep-23,2,36,0.9397163121
10/26/2023,FUTSTK,TATACONSUM,853.95,856.75,856.75,847.65,855.35,855.35,36,59400,4-Sep-23,2,37,
10/26/2023,FUTSTK,TATACONSUM,855.35,856,860.85,853.1,855.9,855.9,119,95400,5-Sep-23,2,37,
10/26/2023,FUTSTK,TATACONSUM,855.9,862,891.8,856.75,887.5,887.5,270,112500,6-Sep-23,2,37,
10/26/2023,FUTSTK,TATACONSUM,887.5,881.95,881.95,861.15,865.95,865.95,449,265500,7-Sep-23,2,37,
10/26/2023,FUTSTK,TATACONSUM,865.95,867.45,867.7,861.45,862.25,862.25,197,290700,8-Sep-23,2,37,0.806687321
10/26/2023,FUTSTK,TATACONSUM,862.25,864.5,871.9,862.25,871.3,871.3,229,261000,11-Sep-23,2,38,
10/26/2023,FUTSTK,TATACONSUM,871.3,872.35,881,863.5,870.85,870.85,331,302400,12-Sep-23,2,38,
10/26/2023,FUTSTK,TATACONSUM,870.85,870.85,899.9,870.85,898.3,898.3,561,346500,13-Sep-23,2,38,
10/26/2023,FUTSTK,TATACONSUM,898.3,901.6,904,888.4,891,891,519,467100,14-Sep-23,2,38,
10/26/2023,FUTSTK,TATACONSUM,891,893.05,893.85,882.7,884.95,884.95,438,609300,15-Sep-23,2,38,1.566624584
10/26/2023,FUTSTK,TATACONSUM,884.95,884.95,892,884.95,887.1,887.1,275,682200,18-Sep-23,2,39,
10/26/2023,FUTSTK,TATACONSUM,887.1,883.2,886,873,876.45,876.45,555,867600,20-Sep-23,2,39,
10/26/2023,FUTSTK,TATACONSUM,876.45,876,880.25,868.85,876.8,876.8,650,1016100,21-Sep-23,2,39,
10/26/2023,FUTSTK,TATACONSUM,876.8,880.5,896,876.05,884.35,884.35,1500,1432800,22-Sep-23,2,39,-0.3099988727
10/26/2023,FUTSTK,TATACONSUM,884.35,881.35,912.45,875.2,908.55,908.55,4975,3528900,25-Sep-23,2,40,
10/26/2023,FUTSTK,TATACONSUM,908.55,910.7,914.35,899.55,902.55,902.55,5674,6004800,26-Sep-23,2,40,
10/26/2023,FUTSTK,TATACONSUM,902.55,901.3,907.9,893,896.6,896.6,4402,7956900,27-Sep-23,2,40,
10/26/2023,FUTSTK,TATACONSUM,896.6,895,900.8,876,880.25,880.25,6292,10150200,28-Sep-23,2,40,
11/30/2023,FUTSTK,TATACONSUM,885.95,888.1,893,883,887.65,887.65,71,117900,29-Sep-23,2,40,-0.02300368719
11/30/2023,FUTSTK,TATACONSUM,887.65,882,887.45,875.05,880.7,880.7,89,137700,3-Oct-23,2,41,
11/30/2023,FUTSTK,TATACONSUM,880.7,875.55,878.65,864.1,873.5,873.5,122,159300,4-Oct-23,2,41,
11/30/2023,FUTSTK,TATACONSUM,873.5,874,876,867.15,869,869,52,171000,5-Oct-23,2,41,
11/30/2023,FUTSTK,TATACONSUM,869,872.65,885.55,872.6,884,884,109,197100,6-Oct-23,2,41,0.3747019416
11/30/2023,FUTSTK,TATACONSUM,884,881.05,892,879.9,889.85,889.85,162,245700,9-Oct-23,2,42,
11/30/2023,FUTSTK,TATACONSUM,889.85,893.05,899.35,890.05,897.15,897.15,246,333900,10-Oct-23,2,42,
11/30/2023,FUTSTK,TATACONSUM,897.15,897.45,905.2,896.55,897.65,897.65,160,370800,11-Oct-23,2,42,
11/30/2023,FUTSTK,TATACONSUM,897.65,898.7,902,892.95,900.85,900.85,167,423900,12-Oct-23,2,42,
11/30/2023,FUTSTK,TATACONSUM,900.85,902.4,923.9,902,919.15,919.15,981,650700,13-Oct-23,2,42,3.292689779
11/30/2023,FUTSTK,TATACONSUM,919.15,923.9,923.9,913.65,914.85,914.85,376,807300,16-Oct-23,2,43,
11/30/2023,FUTSTK,TATACONSUM,914.85,916.45,932.75,913.7,915.75,915.75,692,930600,17-Oct-23,2,43,
11/30/2023,FUTSTK,TATACONSUM,915.75,915.75,915.75,900,901.3,901.3,538,1014300,18-Oct-23,2,43,
11/30/2023,FUTSTK,TATACONSUM,901.3,895.4,904.65,887.35,901,901,738,1197000,19-Oct-23,2,43,
11/30/2023,FUTSTK,TATACONSUM,901,899.35,905.05,893.15,903.05,903.05,3239,3285000,20-Oct-23,2,43,-0.01289828934
11/30/2023,FUTSTK,TATACONSUM,903.05,901.1,909.45,887.15,889.95,889.95,4875,5712300,23-Oct-23,2,44,
11/30/2023,FUTSTK,TATACONSUM,889.95,885.6,901.15,885.6,894.95,894.95,5427,7886700,25-Oct-23,2,44,
11/30/2023,FUTSTK,TATACONSUM,894.95,887,892.15,878.6,885.05,885.05,5793,8976600,26-Oct-23,2,44,
12/28/2023,FUTSTK,TATACONSUM,891.55,891.55,903.5,891.55,900.75,900.75,37,99000,27-Oct-23,2,44,1.213551323
12/28/2023,FUTSTK,TATACONSUM,900.75,895,905.95,891.4,904.35,904.35,50,94500,30-Oct-23,2,45,
12/28/2023,FUTSTK,TATACONSUM,904.35,908.2,912.85,902,911.25,911.25,94,112500,31-Oct-23,2,45,
12/28/2023,FUTSTK,TATACONSUM,911.25,906.95,925.25,906.95,911.15,911.15,128,131400,1-Nov-23,2,45,
12/28/2023,FUTSTK,TATACONSUM,911.15,916.5,925,912,922.6,922.6,56,138600,2-Nov-23,2,45,
12/28/2023,FUTSTK,TATACONSUM,922.6,925,929,921.2,923.2,923.2,46,145800,3-Nov-23,2,45,2.084369989
12/28/2023,FUTSTK,TATACONSUM,923.2,928.5,933.6,927,928.05,928.05,57,147600,6-Nov-23,2,46,
12/28/2023,FUTSTK,TATACONSUM,928.05,925,931,923,930.05,930.05,36,161100,7-Nov-23,2,46,
12/28/2023,FUTSTK,TATACONSUM,930.05,931,937.6,924.05,925.3,925.3,86,194400,8-Nov-23,2,46,
12/28/2023,FUTSTK,TATACONSUM,925.3,915.35,915.35,907.3,911.6,911.6,194,245700,9-Nov-23,2,46,
12/28/2023,FUTSTK,TATACONSUM,911.6,906.7,924.65,904.7,920.45,920.45,177,310500,10-Nov-23,2,46,-0.008189213943
12/28/2023,FUTSTK,TATACONSUM,921.2,919.3,926.05,915.45,922.2,922.2,201,418500,13-Nov-23,2,47,
12/28/2023,FUTSTK,TATACONSUM,922.2,929.75,938.4,924.35,934.7,934.7,237,521100,15-Nov-23,2,47,
12/28/2023,FUTSTK,TATACONSUM,934.7,932.95,936.8,927.3,928.45,928.45,126,551700,16-Nov-23,2,47,
12/28/2023,FUTSTK,TATACONSUM,928.45,929.25,941.8,928.55,939.8,939.8,178,576000,17-Nov-23,2,47,1.908479722
12/28/2023,FUTSTK,TATACONSUM,939.8,943,945,935.2,937.85,937.85,381,744300,20-Nov-23,2,48,
12/28/2023,FUTSTK,TATACONSUM,937.85,930,937.95,930,934.45,934.45,238,783000,21-Nov-23,2,48,
12/28/2023,FUTSTK,TATACONSUM,934.45,937.05,945.1,929.6,935.7,935.7,483,936900,22-Nov-23,2,48,
12/28/2023,FUTSTK,TATACONSUM,935.7,936.65,942.45,932.65,937.85,937.85,893,1327500,23-Nov-23,2,48,
12/28/2023,FUTSTK,TATACONSUM,937.85,938,941.65,929.4,932.2,932.2,2173,2683800,24-Nov-23,2,48,-0.6024417551
12/28/2023,FUTSTK,TATACONSUM,932.2,935.4,940,928.9,938,938,4651,5714100,28-Nov-23,2,49,
12/28/2023,FUTSTK,TATACONSUM,938,939,944.85,935.8,941.35,941.35,4074,7922700,29-Nov-23,2,49,
12/28/2023,FUTSTK,TATACONSUM,941.35,941.65,953.5,939.4,946.8,946.8,5822,9262800,30-Nov-23,2,49,
1/25/2024,FUTSTK,TATACONSUM,951.45,956.55,964.8,953,954.8,954.8,82,98100,1-Dec-23,2,49,1.791044776
1/25/2024,FUTSTK,TATACONSUM,954.8,961.6,968,955.4,958.5,958.5,87,111600,4-Dec-23,2,50,
1/25/2024,FUTSTK,TATACONSUM,958.5,957.9,961.5,955.75,960.05,960.05,66,124200,5-Dec-23,2,50,
1/25/2024,FUTSTK,TATACONSUM,960.05,962.4,970.35,960.65,962.8,962.8,59,135900,6-Dec-23,2,50,
1/25/2024,FUTSTK,TATACONSUM,962.8,960.25,967.85,960,966.1,966.1,77,159300,7-Dec-23,2,50,
1/25/2024,FUTSTK,TATACONSUM,966.1,970,971.45,954.3,957.75,957.75,104,214200,8-Dec-23,2,50,-0.07824726135
1/25/2024,FUTSTK,TATACONSUM,957.75,956.2,960.1,954.05,959.25,959.25,126,281700,11-Dec-23,2,51,
1/25/2024,FUTSTK,TATACONSUM,959.25,959.2,969.95,955.6,958.45,958.45,196,364500,12-Dec-23,2,51,
1/25/2024,FUTSTK,TATACONSUM,958.45,954.6,967.8,954.6,967.15,967.15,153,430200,13-Dec-23,2,51,
1/25/2024,FUTSTK,TATACONSUM,967.15,966.55,969,958.15,962.45,962.45,156,491400,14-Dec-23,2,51,
1/25/2024,FUTSTK,TATACONSUM,962.45,964.75,967,961.1,963.35,963.35,260,617400,15-Dec-23,2,51,0.4274172531
1/25/2024,FUTSTK,TATACONSUM,963.35,963.65,965.9,956,957.9,957.9,359,827100,18-Dec-23,2,52,
1/25/2024,FUTSTK,TATACONSUM,957.9,959.15,985,958.7,975.15,975.15,1456,1205100,19-Dec-23,2,52,
1/25/2024,FUTSTK,TATACONSUM,975.15,980.35,1020.9,979.05,986.7,986.7,2512,1781100,20-Dec-23,2,52,
1/25/2024,FUTSTK,TATACONSUM,986.7,982.75,991.9,973.85,987.8,987.8,1337,2120400,21-Dec-23,2,52,
1/25/2024,FUTSTK,TATACONSUM,987.8,991.75,1006.25,987.3,999.95,999.95,3010,3589200,22-Dec-23,2,52,4.389811045
1/25/2024,FUTSTK,TATACONSUM,999.95,1002.15,1025,1002.15,1018.35,1018.35,3899,5220000,26-Dec-23,2,53,
1/25/2024,FUTSTK,TATACONSUM,1018.35,1023.7,1036.1,1018.45,1034.45,1034.45,3356,6117300,27-Dec-23,2,53,
1/25/2024,FUTSTK,TATACONSUM,1034.45,1032.6,1046.8,1030.2,1044.1,1044.1,4582,7691400,28-Dec-23,2,53,
2/29/2024,FUTSTK,TATACONSUM,1046.3,1065.15,1093.65,1065.15,1090.7,1090.7,577,362700,29-Dec-23,2,53,7.104630039
2/29/2024,FUTSTK,TATACONSUM,1090.7,1089,1099,1085,1089.9,1089.9,203,449100,1-Jan-24,2,1,
2/29/2024,FUTSTK,TATACONSUM,1089.9,1092.45,1109.25,1087.7,1105.05,1105.05,390,674100,2-Jan-24,2,1,
2/29/2024,FUTSTK,TATACONSUM,1105.05,1105.05,1107.9,1096.05,1098.05,1098.05,246,792900,3-Jan-24,2,1,
2/29/2024,FUTSTK,TATACONSUM,1098.05,1101,1134,1100.65,1129.75,1129.75,354,970200,4-Jan-24,2,1,
2/29/2024,FUTSTK,TATACONSUM,1129.75,1135,1136.75,1119.95,1129.45,1129.45,414,1160100,5-Jan-24,2,1,3.628773282
2/29/2024,FUTSTK,TATACONSUM,1129.45,1129.45,1129.45,1106.4,1112.35,1112.35,141,1178100,8-Jan-24,2,2,
2/29/2024,FUTSTK,TATACONSUM,1112.35,1121.05,1126,1116.55,1117.4,1117.4,83,1182600,9-Jan-24,2,2,
2/29/2024,FUTSTK,TATACONSUM,1117.4,1121,1124.1,1113,1122.2,1122.2,80,1180800,10-Jan-24,2,2,
2/29/2024,FUTSTK,TATACONSUM,1122.2,1126,1129.55,1118.9,1125.05,1125.05,128,1239300,11-Jan-24,2,2,
2/29/2024,FUTSTK,TATACONSUM,1125.05,1131.35,1168,1131.35,1161.8,1161.8,716,1329300,12-Jan-24,2,2,4.445543219
2/29/2024,FUTSTK,TATACONSUM,1161.8,1183.7,1190.95,1138.25,1154.35,1154.35,826,1425600,15-Jan-24,2,3,
2/29/2024,FUTSTK,TATACONSUM,1154.35,1152.85,1163.95,1148.2,1149.85,1149.85,661,1525500,16-Jan-24,2,3,
2/29/2024,FUTSTK,TATACONSUM,1149.85,1139,1159.25,1139,1147.3,1147.3,452,1470600,17-Jan-24,2,3,
2/29/2024,FUTSTK,TATACONSUM,1147.3,1144.25,1154,1131.45,1152.05,1152.05,1174,1689300,18-Jan-24,2,3,
2/29/2024,FUTSTK,TATACONSUM,1152.05,1157.2,1167.75,1151.6,1165.45,1165.45,1531,2389500,19-Jan-24,2,3,0.96158011
2/29/2024,FUTSTK,TATACONSUM,1157.4,1160.05,1165.9,1138.6,1144.85,1144.85,6128,5264100,23-Jan-24,2,4,
2/29/2024,FUTSTK,TATACONSUM,1144.85,1143.95,1164,1135.2,1161.55,1161.55,5831,7643700,24-Jan-24,2,4,
2/29/2024,FUTSTK,TATACONSUM,1161.55,1161.55,1166.35,1137.55,1142.5,1142.5,4518,8826300,25-Jan-24,2,4,-0.002052670656
3/28/2024,FUTSTK,TATACONSUM,1147.8,1152.6,1159.35,1149.9,1153.45,1153.45,66,63900,29-Jan-24,2,5,
3/28/2024,FUTSTK,TATACONSUM,1153.45,1156.9,1156.9,1134.8,1135.35,1135.35,27,70200,30-Jan-24,2,5,
3/28/2024,FUTSTK,TATACONSUM,1135.35,1135.65,1135.9,1125.45,1130.1,1130.1,73,83700,31-Jan-24,2,5,
3/28/2024,FUTSTK,TATACONSUM,1130.1,1131.3,1147,1121,1141.25,1141.25,139,108000,1-Feb-24,2,5,
3/28/2024,FUTSTK,TATACONSUM,1141.25,1151.35,1180.75,1149.3,1171.9,1171.9,158,104400,2-Feb-24,2,5,1.599549179
3/28/2024,FUTSTK,TATACONSUM,1171.9,1176.3,1181.95,1158.9,1161.15,1161.15,554,161100,5-Feb-24,2,6,
3/28/2024,FUTSTK,TATACONSUM,1161.15,1162.35,1178.2,1161.7,1175.8,1175.8,98,151200,6-Feb-24,2,6,
3/28/2024,FUTSTK,TATACONSUM,1175.8,1178.75,1181.55,1166,1178.05,1178.05,208,198000,7-Feb-24,2,6,
3/28/2024,FUTSTK,TATACONSUM,1178.05,1163.05,1170.7,1135.5,1149.4,1149.4,341,241200,8-Feb-24,2,6,
3/28/2024,FUTSTK,TATACONSUM,1149.4,1157.25,1157.6,1129.05,1138.45,1138.45,109,253800,9-Feb-24,2,6,-0.01954958446
3/28/2024,FUTSTK,TATACONSUM,1138.45,1131.05,1142.1,1122.85,1132.15,1132.15,103,270900,12-Feb-24,2,7,
3/28/2024,FUTSTK,TATACONSUM,1132.15,1129.95,1148.5,1129.55,1146.5,1146.5,130,288000,13-Feb-24,2,7,
3/28/2024,FUTSTK,TATACONSUM,1146.5,1135.3,1147.25,1133,1145.4,1145.4,85,295200,14-Feb-24,2,7,
3/28/2024,FUTSTK,TATACONSUM,1145.4,1144.15,1153.05,1138.1,1142.75,1142.75,102,321300,15-Feb-24,2,7,
3/28/2024,FUTSTK,TATACONSUM,1142.75,1143.05,1156.5,1143.05,1153.9,1153.9,202,369900,16-Feb-24,2,7,1.921123526
3/28/2024,FUTSTK,TATACONSUM,1153.9,1158.55,1171.15,1153.5,1163.5,1163.5,231,404100,19-Feb-24,2,8,
3/28/2024,FUTSTK,TATACONSUM,1163.5,1157.45,1165.8,1147,1159.65,1159.65,162,425700,20-Feb-24,2,8,
3/28/2024,FUTSTK,TATACONSUM,1159.65,1160,1180.65,1158.05,1168.15,1168.15,403,480600,21-Feb-24,2,8,
3/28/2024,FUTSTK,TATACONSUM,1168.15,1169.8,1170.75,1151.7,1167.85,1167.85,751,702000,22-Feb-24,2,8,
3/28/2024,FUTSTK,TATACONSUM,1167.85,1168.6,1173.45,1162.35,1165.05,1165.05,1292,1152000,23-Feb-24,2,8,0.1332187366
3/28/2024,FUTSTK,TATACONSUM,1165.05,1161.35,1186.9,1156,1184.7,1184.7,4718,3545100,26-Feb-24,2,9,
3/28/2024,FUTSTK,TATACONSUM,1184.7,1184.95,1195.2,1180.5,1190.1,1190.1,4760,5860800,27-Feb-24,2,9,
3/28/2024,FUTSTK,TATACONSUM,1190.1,1194.4,1209.95,1172.05,1177,1177,7707,8468100,28-Feb-24,2,9,
4/25/2024,FUTSTK,TATACONSUM,1203.7,1217.9,1223.85,1205.3,1213.15,1213.15,101,81000,1-Mar-24,2,9,2.401451844
4/25/2024,FUTSTK,TATACONSUM,1219.8,1206,1221,1204.5,1213.9,1213.9,57,87300,4-Mar-24,2,10,
4/25/2024,FUTSTK,TATACONSUM,1213.9,1213.2,1223,1207.85,1213.05,1213.05,55,99000,5-Mar-24,2,10,
4/25/2024,FUTSTK,TATACONSUM,1213.05,1213,1232.3,1206,1230.1,1230.1,95,113400,6-Mar-24,2,10,
4/25/2024,FUTSTK,TATACONSUM,1230.1,1233.1,1278.7,1225.7,1272.85,1272.85,471,180000,7-Mar-24,2,10,4.856248455
4/25/2024,FUTSTK,TATACONSUM,1272.85,1266.15,1266.15,1220,1232.45,1232.45,567,386100,11-Mar-24,2,11,
4/25/2024,FUTSTK,TATACONSUM,1232.45,1233.85,1235.8,1225.45,1228.95,1228.95,133,431100,12-Mar-24,2,11,
4/25/2024,FUTSTK,TATACONSUM,1192.2,1183.95,1220.15,1180.45,1214.8,1214.8,342,606600,14-Mar-24,2,11,
4/25/2024,FUTSTK,TATACONSUM,1214.8,1212.85,1229,1190,1222.55,1222.55,160,641700,15-Mar-24,2,11,-0.8032780234
4/25/2024,FUTSTK,TATACONSUM,1222.55,1224.55,1224.55,1195.9,1198.75,1198.75,279,725400,18-Mar-24,2,12,
4/25/2024,FUTSTK,TATACONSUM,1198.75,1199,1199,1152,1159.15,1159.15,466,909000,19-Mar-24,2,12,
4/25/2024,FUTSTK,TATACONSUM,1159.15,1160.05,1164.95,1125,1135.9,1135.9,849,1120500,20-Mar-24,2,12,
4/25/2024,FUTSTK,TATACONSUM,1135.9,1138,1148.95,1134.85,1144.95,1144.95,1409,1424700,21-Mar-24,2,12,-0.04488008342
4/25/2024,FUTSTK,TATACONSUM,1132.7,1124.25,1133.15,1118.6,1125.05,1125.05,4044,4768200,26-Mar-24,2,13,
4/25/2024,FUTSTK,TATACONSUM,1125.05,1126.85,1126.85,1097.2,1101.8,1101.8,5490,8014500,27-Mar-24,2,13,
4/25/2024,FUTSTK,TATACONSUM,1101.8,1111.3,1117.5,1103.1,1105.95,1105.95,9399,11736900,28-Mar-24,2,13,-0.01697702324