XpryDt,FinInstrmNm,TckrSymb,StrkPric,OptnTp,PCLOSE,OPEN,HIGH,LOW,CLOSE,SttlmPric,TtlTradgVol,OpnIntrst,RptgDt,TYPE,Week,Weekly Returns(%)
4/27/2023,FUTSTK,TATACONSUM,0,XX,714.05,712,722,712,720.8,720.8,1293,9405000,3-Apr-23,1,15,
4/27/2023,FUTSTK,TATACONSUM,0,XX,720.8,722.3,732.1,720.6,731.35,731.35,2117,9236700,5-Apr-23,1,15,
4/27/2023,FUTSTK,TATACONSUM,0,XX,731.35,731.05,734.25,726,732.35,732.35,1657,9019800,6-Apr-23,1,15,1.60239
4/27/2023,FUTSTK,TATACONSUM,0,XX,720.9,722.15,725,719,721.2,721.2,1289,9470700,12-Apr-23,1,16,-1.522496074
4/27/2023,FUTSTK,TATACONSUM,0,XX,720.95,719.7,722.3,714.75,716,716,1778,9873000,17-Apr-23,1,17,
4/27/2023,FUTSTK,TATACONSUM,0,XX,709.85,705.45,708.6,699.1,701.95,701.95,2528,10282500,19-Apr-23,1,17,
4/27/2023,FUTSTK,TATACONSUM,0,XX,701.95,697.95,706.5,697.95,705.65,705.65,1552,10132200,20-Apr-23,1,17,
4/27/2023,FUTSTK,TATACONSUM,0,XX,705.65,704.6,706.2,698.35,701.85,701.85,1523,10053000,21-Apr-23,1,17,-1.976256983
4/27/2023,FUTSTK,TATACONSUM,0,XX,701.85,709,735.25,709,733.35,733.35,10402,8133300,24-Apr-23,1,18,
4/27/2023,FUTSTK,TATACONSUM,0,XX,733.35,735,738.65,730.15,736.15,736.15,5730,6943500,25-Apr-23,1,18,
4/27/2023,FUTSTK,TATACONSUM,0,XX,736.15,733,748.2,723,745.75,745.75,7669,3672900,26-Apr-23,1,18,
5/25/2023,FUTSTK,TATACONSUM,0,XX,750.05,754.35,758.75,748,757.8,757.8,2299,9662400,28-Apr-23,1,18,3.334015136
5/25/2023,FUTSTK,TATACONSUM,0,XX,772.4,772.95,783.8,771.95,782.95,782.95,1909,10580400,8-May-23,1,20,
5/25/2023,FUTSTK,TATACONSUM,0,XX,782.95,781.6,785.85,778.45,782.9,782.9,1269,10586700,9-May-23,1,20,
5/25/2023,FUTSTK,TATACONSUM,0,XX,782.9,783.2,785.05,780.1,784.25,784.25,1000,10432800,10-May-23,1,20,0.1660386998
5/25/2023,FUTSTK,TATACONSUM,0,XX,770.4,773.7,777.7,768.35,769.35,769.35,1308,10510200,18-May-23,1,21,
5/25/2023,FUTSTK,TATACONSUM,0,XX,769.35,770.9,770.9,757.6,764.6,764.6,2003,10209600,19-May-23,1,21,-0.6174043023
5/25/2023,FUTSTK,TATACONSUM,0,XX,764.6,764.25,767.8,761.45,765.55,765.55,4226,7939800,22-May-23,1,22,
5/25/2023,FUTSTK,TATACONSUM,0,XX,765.55,768.95,770.35,762.7,769.25,769.25,4214,5203800,23-May-23,1,22,
6/29/2023,FUTSTK,TATACONSUM,0,XX,785.15,788.8,794.75,786,793.5,793.5,2173,10395000,26-May-23,1,22,3.650969891
6/29/2023,FUTSTK,TATACONSUM,0,XX,793.5,794.1,801.65,794.1,799.65,799.65,2120,10467000,29-May-23,1,23,
6/29/2023,FUTSTK,TATACONSUM,0,XX,799.65,798.05,801.05,794.7,796.25,796.25,969,10588500,30-May-23,1,23,
6/29/2023,FUTSTK,TATACONSUM,0,XX,796.25,793.2,803.8,793.2,802.5,802.5,1920,10504800,31-May-23,1,23,
6/29/2023,FUTSTK,TATACONSUM,0,XX,802.5,802.1,804.95,796.55,797.6,797.6,1374,10640700,1-Jun-23,1,23,
6/29/2023,FUTSTK,TATACONSUM,0,XX,797.6,798.1,803.2,798.1,800.75,800.75,1039,10508400,2-Jun-23,1,23,0.1375601826
6/29/2023,FUTSTK,TATACONSUM,0,XX,800.75,800,804.9,796.85,798.5,798.5,1359,10566000,5-Jun-23,1,24,
6/29/2023,FUTSTK,TATACONSUM,0,XX,798.5,799.95,799.95,789.85,795.8,795.8,1578,10379700,6-Jun-23,1,24,
6/29/2023,FUTSTK,TATACONSUM,0,XX,795.8,795.75,827.25,794.85,826.2,826.2,5892,10467900,7-Jun-23,1,24,
6/29/2023,FUTSTK,TATACONSUM,0,XX,826.2,827,827.55,810.6,811.35,811.35,2740,10419300,8-Jun-23,1,24,
6/29/2023,FUTSTK,TATACONSUM,0,XX,811.35,811.8,815.55,803.35,805.45,805.45,2096,10347300,9-Jun-23,1,24,0.8703819662
6/29/2023,FUTSTK,TATACONSUM,0,XX,805.45,805.95,810.5,802.85,805.45,805.45,1367,10507500,12-Jun-23,1,25,
6/29/2023,FUTSTK,TATACONSUM,0,XX,805.45,808.7,823,806.45,821.9,821.9,3459,9883800,13-Jun-23,1,25,
6/29/2023,FUTSTK,TATACONSUM,0,XX,821.9,822.95,869,818,866.1,866.1,15145,11042100,14-Jun-23,1,25,
6/29/2023,FUTSTK,TATACONSUM,0,XX,866.1,866.65,875.45,859.1,866.55,866.55,5937,10462500,15-Jun-23,1,25,
6/29/2023,FUTSTK,TATACONSUM,0,XX,866.55,871,872.25,854.45,864.85,864.85,3399,10078200,16-Jun-23,1,25,7.374759451
6/29/2023,FUTSTK,TATACONSUM,0,XX,864.85,866,871.05,857.85,861.2,861.2,2335,9840600,19-Jun-23,1,26,
6/29/2023,FUTSTK,TATACONSUM,0,XX,861.2,863.2,871,850,862.15,862.15,2300,9563400,20-Jun-23,1,26,
6/29/2023,FUTSTK,TATACONSUM,0,XX,862.15,861.65,878.5,854.3,860.7,860.7,4385,9414900,21-Jun-23,1,26,
6/29/2023,FUTSTK,TATACONSUM,0,XX,860.7,862.2,862.2,842.65,844.8,844.8,3241,8868600,22-Jun-23,1,26,
6/29/2023,FUTSTK,TATACONSUM,0,XX,844.8,842.1,847.55,833.5,842.5,842.5,3609,7793100,23-Jun-23,1,26,-2.17138876
6/29/2023,FUTSTK,TATACONSUM,0,XX,842.5,852.7,866.5,848.25,863.7,863.7,7222,5562900,26-Jun-23,1,27,
6/29/2023,FUTSTK,TATACONSUM,0,XX,863.7,867.05,867.45,852,853.55,853.55,4176,2937600,27-Jun-23,1,27,
6/28/2023,FUTSTK,TATACONSUM,0,XX,853.55,854.05,859.2,850.2,853.9,854.95,3456,865800,28-Jun-23,1,27,
7/27/2023,FUTSTK,TATACONSUM,0,XX,859.65,859.05,869.4,856.65,867,867,2505,9408600,30-Jun-23,1,27,0.3820771101
7/27/2023,FUTSTK,TATACONSUM,0,XX,867,865.85,870,862.55,864.75,864.75,1647,9504900,3-Jul-23,1,28,
7/27/2023,FUTSTK,TATACONSUM,0,XX,864.75,860,867,858,861.05,861.05,1213,9501300,4-Jul-23,1,28,
7/27/2023,FUTSTK,TATACONSUM,0,XX,861.05,862.1,866.3,846.05,851.5,851.5,4255,9998100,5-Jul-23,1,28,
7/27/2023,FUTSTK,TATACONSUM,0,XX,851.5,850,852.45,847,850.55,850.55,2616,10710000,6-Jul-23,1,28,
7/27/2023,FUTSTK,TATACONSUM,0,XX,850.55,849.85,857.3,835.6,837.65,837.65,3317,10903500,7-Jul-23,1,28,-3.133853715
7/27/2023,FUTSTK,TATACONSUM,0,XX,837.65,841.05,841.55,826,830.4,830.4,2066,10884600,10-Jul-23,1,29,
7/27/2023,FUTSTK,TATACONSUM,0,XX,830.4,833.95,846.65,831.3,843.15,843.15,2337,11093400,11-Jul-23,1,29,
7/27/2023,FUTSTK,TATACONSUM,0,XX,843.15,847.05,850.95,842.4,846.8,846.8,1664,11059200,12-Jul-23,1,29,
7/27/2023,FUTSTK,TATACONSUM,0,XX,846.8,849.8,852.8,838.25,839.95,839.95,1443,11048400,13-Jul-23,1,29,
7/27/2023,FUTSTK,TATACONSUM,0,XX,839.95,839.95,855.55,837.3,854,854,2504,11137500,14-Jul-23,1,29,2.842003854
7/27/2023,FUTSTK,TATACONSUM,0,XX,854,857,863.55,852.4,854.3,854.3,2113,11345400,17-Jul-23,1,30,
7/27/2023,FUTSTK,TATACONSUM,0,XX,854.3,855,864,850.1,859.2,859.2,2332,11486700,18-Jul-23,1,30,
7/27/2023,FUTSTK,TATACONSUM,0,XX,859.2,860.2,863.85,855,861.25,861.25,1981,11296800,19-Jul-23,1,30,
7/27/2023,FUTSTK,TATACONSUM,0,XX,861.25,859.3,878,857.4,875.5,875.5,3710,10980000,20-Jul-23,1,30,
7/27/2023,FUTSTK,TATACONSUM,0,XX,875.5,874.95,878,852,855.45,855.45,3996,10209600,21-Jul-23,1,30,0.1346131336
7/27/2023,FUTSTK,TATACONSUM,0,XX,855.45,852.25,866.6,849.3,862.4,862.4,5148,7631100,24-Jul-23,1,31,
7/27/2023,FUTSTK,TATACONSUM,0,XX,862.4,860.8,870.6,856.1,869.35,869.35,3426,5666400,25-Jul-23,1,31,
7/27/2023,FUTSTK,TATACONSUM,0,XX,869.35,872.6,884.35,869.5,873.25,873.25,4822,3032100,26-Jul-23,1,31,
7/27/2023,FUTSTK,TATACONSUM,0,XX,873.25,874.55,874.85,845.55,849,850.05,6269,552600,27-Jul-23,1,31,
8/31/2023,FUTSTK,TATACONSUM,0,XX,856.1,857.7,868.7,847.4,867.55,867.55,4060,11436300,28-Jul-23,1,31,0.5971706865
8/31/2023,FUTSTK,TATACONSUM,0,XX,867.55,869,869,860.8,864.8,864.8,1897,11216700,31-Jul-23,1,32,
8/31/2023,FUTSTK,TATACONSUM,0,XX,864.8,867.25,868.05,858.3,861.7,861.7,1374,11096100,1-Aug-23,1,32,
8/31/2023,FUTSTK,TATACONSUM,0,XX,861.7,856.75,858.75,844.85,848.7,848.7,2219,11091600,2-Aug-23,1,32,
8/31/2023,FUTSTK,TATACONSUM,0,XX,848.7,840.6,847.05,839.3,841.85,841.85,1826,11329200,3-Aug-23,1,32,
8/31/2023,FUTSTK,TATACONSUM,0,XX,841.85,844.65,846.75,836.6,839.95,839.95,1456,11474100,4-Aug-23,1,32,-2.873496762
8/31/2023,FUTSTK,TATACONSUM,0,XX,839.95,838.9,844.25,834.5,841.55,841.55,1339,11557800,7-Aug-23,1,33,
8/31/2023,FUTSTK,TATACONSUM,0,XX,841.55,842.75,856.25,837.4,850.7,850.7,3058,11543400,8-Aug-23,1,33,
8/31/2023,FUTSTK,TATACONSUM,0,XX,850.7,852.25,865.85,850.45,863.6,863.6,3240,11156400,9-Aug-23,1,33,
8/31/2023,FUTSTK,TATACONSUM,0,XX,863.6,862.15,863.65,851,853.2,853.2,2185,10947600,10-Aug-23,1,33,
8/31/2023,FUTSTK,TATACONSUM,0,XX,853.2,851.4,851.5,838.1,839.3,839.3,2305,10864800,11-Aug-23,1,33,-0.267363793
8/31/2023,FUTSTK,TATACONSUM,0,XX,839.3,838.2,847.1,831.65,845.95,845.95,1646,10811700,14-Aug-23,1,34,
8/31/2023,FUTSTK,TATACONSUM,0,XX,845.95,842.6,844,838.15,842.85,842.85,965,10870200,16-Aug-23,1,34,
8/31/2023,FUTSTK,TATACONSUM,0,XX,842.85,840,846.8,837.45,845.2,845.2,1800,10480500,17-Aug-23,1,34,
8/31/2023,FUTSTK,TATACONSUM,0,XX,845.2,846.15,849.25,836.6,843.9,843.9,1897,10462500,18-Aug-23,1,34,-0.242331107
8/31/2023,FUTSTK,TATACONSUM,0,XX,843.9,845.3,849.5,841.2,848.8,848.8,1380,10449000,21-Aug-23,1,35,
8/31/2023,FUTSTK,TATACONSUM,0,XX,848.8,848.1,852,844.95,848.6,848.6,1358,10358100,22-Aug-23,1,35,
8/31/2023,FUTSTK,TATACONSUM,0,XX,848.6,846.3,847.55,841.3,844.8,844.8,843,10298700,23-Aug-23,1,35,
8/31/2023,FUTSTK,TATACONSUM,0,XX,844.8,847.4,854.65,843.55,844.75,844.75,1899,10239300,24-Aug-23,1,35,
8/31/2023,FUTSTK,TATACONSUM,0,XX,844.75,841.8,846.2,831.55,833.9,833.9,1697,9906300,25-Aug-23,1,35,-1.755419416
8/31/2023,FUTSTK,TATACONSUM,0,XX,833.9,829.7,841.1,828,840.35,840.35,4295,7297200,28-Aug-23,1,36,
8/31/2023,FUTSTK,TATACONSUM,0,XX,840.35,838.8,841.6,834.75,836.6,836.6,3227,5326200,29-Aug-23,1,36,
8/31/2023,FUTSTK,TATACONSUM,0,XX,836.6,839.5,848.7,837.9,847.1,847.1,3997,2875500,30-Aug-23,1,36,
8/31/2023,FUTSTK,TATACONSUM,0,XX,847.1,847.55,847.55,828.95,833.45,834.35,4395,812700,31-Aug-23,1,36,
9/28/2023,FUTSTK,TATACONSUM,0,XX,839.45,841.05,851.5,837.35,849.8,849.8,1760,9534600,1-Sep-23,1,36,1.124531445
9/28/2023,FUTSTK,TATACONSUM,0,XX,849.8,850.75,853.45,842.15,849.95,849.95,1379,9631800,4-Sep-23,1,37,
9/28/2023,FUTSTK,TATACONSUM,0,XX,849.95,849.3,855.7,846.75,850.95,850.95,1663,9707400,5-Sep-23,1,37,
9/28/2023,FUTSTK,TATACONSUM,0,XX,850.95,850.9,887.25,849.65,882.55,882.55,11646,10355400,6-Sep-23,1,37,
9/28/2023,FUTSTK,TATACONSUM,0,XX,882.55,874,874,856.55,860.8,860.8,8095,10089000,7-Sep-23,1,37,
9/28/2023,FUTSTK,TATACONSUM,0,XX,860.8,867.85,867.85,856,856.85,856.85,2031,10139400,8-Sep-23,1,37,0.8118124596
9/28/2023,FUTSTK,TATACONSUM,0,XX,856.85,856.8,866.75,856,865.9,865.9,2195,9669600,11-Sep-23,1,38,
9/28/2023,FUTSTK,TATACONSUM,0,XX,865.9,864.45,876.3,857,865.6,865.6,3764,9112500,12-Sep-23,1,38,
9/28/2023,FUTSTK,TATACONSUM,0,XX,865.6,866.25,894.8,862.35,893.15,893.15,7028,9586800,13-Sep-23,1,38,
9/28/2023,FUTSTK,TATACONSUM,0,XX,893.15,896,899.1,882.15,885.15,885.15,6001,9941400,14-Sep-23,1,38,
9/28/2023,FUTSTK,TATACONSUM,0,XX,885.15,886.65,889.95,876.6,879.4,879.4,2759,9877500,15-Sep-23,1,38,1.559071486
9/28/2023,FUTSTK,TATACONSUM,0,XX,879.4,880.7,886.4,877.8,882,882,2089,9972000,18-Sep-23,1,39,
9/28/2023,FUTSTK,TATACONSUM,0,XX,882,881.8,881.8,866.7,870.5,870.5,2345,9851400,20-Sep-23,1,39,
9/28/2023,FUTSTK,TATACONSUM,0,XX,870.5,868,874.9,862.85,871.25,871.25,3119,9439200,21-Sep-23,1,39,
9/28/2023,FUTSTK,TATACONSUM,0,XX,871.25,875.2,890.7,870.2,878.4,878.4,3725,8813700,22-Sep-23,1,39,-0.4081632653
9/28/2023,FUTSTK,TATACONSUM,0,XX,878.4,874.5,906,869.4,902.5,902.5,6560,7162200,25-Sep-23,1,40,
9/28/2023,FUTSTK,TATACONSUM,0,XX,902.5,906.95,908.2,893.85,896.55,896.55,5559,4650300,26-Sep-23,1,40,
9/28/2023,FUTSTK,TATACONSUM,0,XX,896.55,894,902,886.75,890.65,890.65,3595,2602800,27-Sep-23,1,40,
9/28/2023,FUTSTK,TATACONSUM,0,XX,890.65,888.65,894.8,871.35,875.85,876.5,3960,675900,28-Sep-23,1,40,
10/26/2023,FUTSTK,TATACONSUM,0,XX,880.25,881.4,888,877,881.75,881.75,2416,10229400,29-Sep-23,1,40,-2.299168975
10/26/2023,FUTSTK,TATACONSUM,0,XX,881.75,876,882.95,868.25,875.1,875.1,2158,10047600,3-Oct-23,1,41,
10/26/2023,FUTSTK,TATACONSUM,0,XX,875.1,869.95,873.75,858.1,868.7,868.7,2289,9626400,4-Oct-23,1,41,
10/26/2023,FUTSTK,TATACONSUM,0,XX,868.7,870,871.75,861.3,864.35,864.35,1997,9503100,5-Oct-23,1,41,
10/26/2023,FUTSTK,TATACONSUM,0,XX,864.35,865.95,880.85,865.95,878.6,878.6,3580,9522000,6-Oct-23,1,41,0.3999542909
10/26/2023,FUTSTK,TATACONSUM,0,XX,878.6,872.3,887.6,872.3,884.8,884.8,3150,9948600,9-Oct-23,1,42,
10/26/2023,FUTSTK,TATACONSUM,0,XX,884.8,887.2,893.95,884.55,891.55,891.55,2522,9756000,10-Oct-23,1,42,
10/26/2023,FUTSTK,TATACONSUM,0,XX,891.55,892.8,898.65,890.5,892.25,892.25,2115,9344700,11-Oct-23,1,42,
10/26/2023,FUTSTK,TATACONSUM,0,XX,892.25,890.05,896.7,886.4,895.35,895.35,2005,9189900,12-Oct-23,1,42,
10/26/2023,FUTSTK,TATACONSUM,0,XX,895.35,892.9,918.35,892.3,913.95,913.95,9874,9517500,13-Oct-23,1,42,3.294529837
10/26/2023,FUTSTK,TATACONSUM,0,XX,913.95,916.35,916.7,908.05,909.4,909.4,3167,9211500,16-Oct-23,1,43,
10/26/2023,FUTSTK,TATACONSUM,0,XX,909.4,911.3,927.4,908.7,910.65,910.65,6029,9009000,17-Oct-23,1,43,
10/26/2023,FUTSTK,TATACONSUM,0,XX,910.65,911.25,911.25,894,895.9,895.9,3090,9073800,18-Oct-23,1,43,
10/26/2023,FUTSTK,TATACONSUM,0,XX,895.9,895.7,899.75,881.45,895.4,895.4,3145,8919000,19-Oct-23,1,43,
10/26/2023,FUTSTK,TATACONSUM,0,XX,895.4,892.5,899.55,888,897.25,897.25,4793,6720300,20-Oct-23,1,43,-1.336045744
10/26/2023,FUTSTK,TATACONSUM,0,XX,897.25,893.45,905.8,883,885.55,885.55,5890,4439700,23-Oct-23,1,44,
10/26/2023,FUTSTK,TATACONSUM,0,XX,885.55,876.45,896.2,876.45,889.1,889.1,4940,2196000,25-Oct-23,1,44,
10/26/2023,FUTSTK,TATACONSUM,0,XX,889.1,881.8,884.9,872.75,879,880.35,4228,591300,26-Oct-23,1,44,
11/30/2023,FUTSTK,TATACONSUM,0,XX,885.05,886.85,898.5,882.2,895.75,895.75,1858,8889300,27-Oct-23,1,44,1.151826548
11/30/2023,FUTSTK,TATACONSUM,0,XX,895.75,891.55,901.3,884.4,899.5,899.5,2536,8935200,30-Oct-23,1,45,
11/30/2023,FUTSTK,TATACONSUM,0,XX,899.5,902.75,909,897.05,906.5,906.5,3138,9103500,31-Oct-23,1,45,
11/30/2023,FUTSTK,TATACONSUM,0,XX,906.5,904.9,923,900,907.55,907.55,5354,8577000,1-Nov-23,1,45,
11/30/2023,FUTSTK,TATACONSUM,0,XX,907.55,912.95,921,906.95,917.35,917.35,2649,8434800,2-Nov-23,1,45,
11/30/2023,FUTSTK,TATACONSUM,0,XX,917.35,918.5,924.7,916.25,918.9,918.9,1827,8553600,3-Nov-23,1,45,2.156753752
11/30/2023,FUTSTK,TATACONSUM,0,XX,918.9,922.8,929,921.3,923.6,923.6,1505,8591400,6-Nov-23,1,46,
11/30/2023,FUTSTK,TATACONSUM,0,XX,923.6,925.95,926.35,918.2,925.45,925.45,1344,8596800,7-Nov-23,1,46,
11/30/2023,FUTSTK,TATACONSUM,0,XX,925.45,925.4,933.6,919.2,920.65,920.65,1745,8447400,8-Nov-23,1,46,
11/30/2023,FUTSTK,TATACONSUM,0,XX,920.65,919.5,919.5,902.2,907.55,907.55,4407,8608500,9-Nov-23,1,46,
11/30/2023,FUTSTK,TATACONSUM,0,XX,907.55,904.5,920.45,900.1,916.7,916.7,3073,9239400,10-Nov-23,1,46,-0.7470766566
11/30/2023,FUTSTK,TATACONSUM,0,XX,917.6,914.7,922.25,910.65,918.3,918.3,1874,9191700,13-Nov-23,1,47,
11/30/2023,FUTSTK,TATACONSUM,0,XX,918.3,924.4,934.7,920.25,930.7,930.7,2592,9403200,15-Nov-23,1,47,
11/30/2023,FUTSTK,TATACONSUM,0,XX,930.7,932.25,933.15,921.5,923.6,923.6,2054,9514800,16-Nov-23,1,47,
11/30/2023,FUTSTK,TATACONSUM,0,XX,923.6,925.8,937.9,923.65,935.45,935.45,1814,9738900,17-Nov-23,1,47,1.8675814
11/30/2023,FUTSTK,TATACONSUM,0,XX,935.45,938.35,942.5,931.3,934.2,934.2,2138,9733500,20-Nov-23,1,48,
11/30/2023,FUTSTK,TATACONSUM,0,XX,934.2,923,935.15,923,931.15,931.15,1253,9727200,21-Nov-23,1,48,
11/30/2023,FUTSTK,TATACONSUM,0,XX,931.15,931.25,942,925.3,932.1,932.1,2568,9745200,22-Nov-23,1,48,
11/30/2023,FUTSTK,TATACONSUM,0,XX,932.1,931.25,939,929,934.05,934.05,1968,9371700,23-Nov-23,1,48,
11/30/2023,FUTSTK,TATACONSUM,0,XX,934.05,934.55,936.5,924.6,928,928,3112,8050500,24-Nov-23,1,48,-0.6636694498
11/30/2023,FUTSTK,TATACONSUM,0,XX,928,925.55,934.6,922.25,932.5,932.5,5034,5035500,28-Nov-23,1,49,
11/30/2023,FUTSTK,TATACONSUM,0,XX,932.5,929.8,938.8,929.8,935.35,935.35,4242,2707200,29-Nov-23,1,49,
11/30/2023,FUTSTK,TATACONSUM,0,XX,935.35,935.4,947,932.5,940.5,940.75,4525,849600,30-Nov-23,1,49,
12/28/2023,FUTSTK,TATACONSUM,0,XX,946.8,946.7,959.5,946.7,950.2,950.2,2228,9375300,1-Dec-23,1,49,1.898123324
12/28/2023,FUTSTK,TATACONSUM,0,XX,950.2,955.5,962.9,949.25,953.4,953.4,3004,9293400,4-Dec-23,1,50,
12/28/2023,FUTSTK,TATACONSUM,0,XX,953.4,954,957,948.1,953.6,953.6,1223,9184500,5-Dec-23,1,50,
12/28/2023,FUTSTK,TATACONSUM,0,XX,953.6,954.85,965.8,953.95,956.9,956.9,2065,9033300,6-Dec-23,1,50,
12/28/2023,FUTSTK,TATACONSUM,0,XX,956.9,958.25,962.8,953.6,960.8,960.8,1624,8725500,7-Dec-23,1,50,
12/28/2023,FUTSTK,TATACONSUM,0,XX,960.8,962.25,966.6,947.8,952.65,952.65,1691,8552700,8-Dec-23,1,50,-0.07866582756
12/28/2023,FUTSTK,TATACONSUM,0,XX,952.65,954.65,956.25,948.55,953.75,953.75,938,8510400,11-Dec-23,1,51,
12/28/2023,FUTSTK,TATACONSUM,0,XX,953.75,953.8,964.6,948.9,952.5,952.5,1263,8380800,12-Dec-23,1,51,
12/28/2023,FUTSTK,TATACONSUM,0,XX,952.5,951.8,961.95,948.25,960.95,960.95,1309,8049600,13-Dec-23,1,51,
12/28/2023,FUTSTK,TATACONSUM,0,XX,960.95,959,963.05,951.15,956.3,956.3,2099,8019000,14-Dec-23,1,51,
12/28/2023,FUTSTK,TATACONSUM,0,XX,956.3,958,960.55,953.65,957.55,957.55,1531,7825500,15-Dec-23,1,51,0.3984272608
12/28/2023,FUTSTK,TATACONSUM,0,XX,957.55,958.75,959.4,950.1,952.35,952.35,2390,7353900,18-Dec-23,1,52,
12/28/2023,FUTSTK,TATACONSUM,0,XX,952.35,953.1,979.75,951.8,969,969,8591,6971400,19-Dec-23,1,52,
12/28/2023,FUTSTK,TATACONSUM,0,XX,969,975.8,1014.5,972.15,980.05,980.05,8467,6768900,20-Dec-23,1,52,
12/28/2023,FUTSTK,TATACONSUM,0,XX,980.05,977.95,984.55,966.15,980.1,980.1,3533,6445800,21-Dec-23,1,52,
12/28/2023,FUTSTK,TATACONSUM,0,XX,980.1,979.95,998.65,979.9,992.8,992.8,4203,4779900,22-Dec-23,1,52,4.24738804
12/28/2023,FUTSTK,TATACONSUM,0,XX,992.8,992.8,1016.6,992.8,1009.45,1009.45,4399,3397500,26-Dec-23,1,53,
12/28/2023,FUTSTK,TATACONSUM,0,XX,1009.45,1014,1027,1009.8,1025.4,1025.4,2851,2547000,27-Dec-23,1,53,
12/28/2023,FUTSTK,TATACONSUM,0,XX,1025.4,1018.1,1051.2,1018.1,1037.05,1041,3261,1130400,28-Dec-23,1,53,
1/25/2024,FUTSTK,TATACONSUM,0,XX,1044.1,1055.05,1088.25,1050.9,1083.85,1083.85,9187,8590500,29-Dec-23,1,53,7.370350191
1/25/2024,FUTSTK,TATACONSUM,0,XX,1083.85,1087.5,1093.45,1078.35,1083.75,1083.75,2722,8342100,1-Jan-24,1,1,
1/25/2024,FUTSTK,TATACONSUM,0,XX,1083.75,1086.1,1103.5,1080.25,1099.85,1099.85,4689,9303300,2-Jan-24,1,1,
1/25/2024,FUTSTK,TATACONSUM,0,XX,1099.85,1098.95,1102.45,1090.25,1092.3,1092.3,2325,8964000,3-Jan-24,1,1,
1/25/2024,FUTSTK,TATACONSUM,0,XX,1092.3,1092.3,1130,1092.2,1125.75,1125.75,3805,8971200,4-Jan-24,1,1,
1/25/2024,FUTSTK,TATACONSUM,0,XX,1125.75,1129.4,1130.55,1117.25,1124.85,1124.85,2802,8874900,5-Jan-24,1,1,3.792387543
1/25/2024,FUTSTK,TATACONSUM,0,XX,1124.85,1124.4,1124.4,1100.45,1107.55,1107.55,3230,8774100,8-Jan-24,1,2,
1/25/2024,FUTSTK,TATACONSUM,0,XX,1107.55,1115.05,1124.45,1111.6,1113.1,1113.1,1917,8739900,9-Jan-24,1,2,
1/25/2024,FUTSTK,TATACONSUM,0,XX,1113.1,1113.05,1118.95,1105.35,1117.05,1117.05,1629,8587800,10-Jan-24,1,2,
1/25/2024,FUTSTK,TATACONSUM,0,XX,1117.05,1120.25,1124,1113.6,1120.1,1120.1,2147,8830800,11-Jan-24,1,2,
1/25/2024,FUTSTK,TATACONSUM,0,XX,1120.1,1120.3,1164.4,1120.3,1157.8,1157.8,10620,10388700,12-Jan-24,1,2,4.537041217
1/25/2024,FUTSTK,TATACONSUM,0,XX,1157.8,1165.3,1189.15,1132,1150.15,1150.15,8758,10490400,15-Jan-24,1,3,
1/25/2024,FUTSTK,TATACONSUM,0,XX,1150.15,1150.75,1160.35,1143.75,1145.4,1145.4,3729,9885600,16-Jan-24,1,3,
1/25/2024,FUTSTK,TATACONSUM,0,XX,1145.4,1137.9,1154.15,1131,1141.3,1141.3,2902,9360900,17-Jan-24,1,3,
1/25/2024,FUTSTK,TATACONSUM,0,XX,1141.3,1139.95,1148.85,1124.25,1147.05,1147.05,3728,8598600,18-Jan-24,1,3,
1/25/2024,FUTSTK,TATACONSUM,0,XX,1147.05,1149.65,1163.7,1146.75,1161.2,1161.2,3031,7959600,19-Jan-24,1,3,0.9607442507
1/25/2024,FUTSTK,TATACONSUM,0,XX,1151.2,1157.2,1166.85,1138.85,1144.55,1144.55,6424,4955400,23-Jan-24,1,4,
1/25/2024,FUTSTK,TATACONSUM,0,XX,1144.55,1145.5,1163.9,1134.25,1161.8,1161.8,4955,2775600,24-Jan-24,1,4,
1/25/2024,FUTSTK,TATACONSUM,0,XX,1161.8,1161.2,1165.85,1134.65,1138.5,1136.75,3213,1734300,25-Jan-24,1,4,-0.6814905421
2/29/2024,FUTSTK,TATACONSUM,0,XX,1142.5,1145.45,1156.65,1139.95,1149.4,1149.4,2751,8649000,29-Jan-24,1,5,
2/29/2024,FUTSTK,TATACONSUM,0,XX,1149.4,1152,1155.1,1129.25,1131.95,1131.95,2075,8612100,30-Jan-24,1,5,
2/29/2024,FUTSTK,TATACONSUM,0,XX,1131.95,1133.55,1135.5,1120.25,1125.25,1125.25,3019,8792100,31-Jan-24,1,5,
2/29/2024,FUTSTK,TATACONSUM,0,XX,1125.25,1125.6,1142.95,1115.5,1137.85,1137.85,9406,11729700,1-Feb-24,1,5,
2/29/2024,FUTSTK,TATACONSUM,0,XX,1137.85,1141.7,1178.85,1141.7,1167.85,1167.85,7002,12502800,2-Feb-24,1,5,1.605185314
2/29/2024,FUTSTK,TATACONSUM,0,XX,1167.85,1172.4,1181.45,1152.45,1156.45,1156.45,4923,13124700,5-Feb-24,1,6,
2/29/2024,FUTSTK,TATACONSUM,0,XX,1156.45,1154.05,1174,1154.05,1170.75,1170.75,3703,13335300,6-Feb-24,1,6,
2/29/2024,FUTSTK,TATACONSUM,0,XX,1170.75,1178.9,1179,1160.2,1172.2,1172.2,4724,13465800,7-Feb-24,1,6,
2/29/2024,FUTSTK,TATACONSUM,0,XX,1172.2,1160,1169,1130.15,1142.55,1142.55,7481,13432500,8-Feb-24,1,6,
2/29/2024,FUTSTK,TATACONSUM,0,XX,1142.55,1146,1152.95,1125.5,1134.55,1134.55,2756,12951000,9-Feb-24,1,6,-1.893726491
2/29/2024,FUTSTK,TATACONSUM,0,XX,1134.55,1131.5,1138.6,1118.15,1126.35,1126.35,2417,12547800,12-Feb-24,1,7,
2/29/2024,FUTSTK,TATACONSUM,0,XX,1126.35,1122.4,1143.4,1122.4,1140.85,1140.85,2062,12062700,13-Feb-24,1,7,
2/29/2024,FUTSTK,TATACONSUM,0,XX,1140.85,1133.9,1142.95,1125.5,1139.2,1139.2,2244,11817900,14-Feb-24,1,7,
2/29/2024,FUTSTK,TATACONSUM,0,XX,1139.2,1141.3,1149.25,1132.45,1136.65,1136.65,1718,11973600,15-Feb-24,1,7,
2/29/2024,FUTSTK,TATACONSUM,0,XX,1136.65,1149.4,1151.3,1135.4,1148.75,1148.75,2550,11671200,16-Feb-24,1,7,1.988724642
2/29/2024,FUTSTK,TATACONSUM,0,XX,1148.75,1150.4,1166.3,1146.9,1157.7,1157.7,2554,11380500,19-Feb-24,1,8,
2/29/2024,FUTSTK,TATACONSUM,0,XX,1157.7,1155.05,1160.15,1140.8,1154.5,1154.5,1796,11106900,20-Feb-24,1,8,
2/29/2024,FUTSTK,TATACONSUM,0,XX,1154.5,1157.9,1175.55,1152.65,1163.35,1163.35,3411,10926900,21-Feb-24,1,8,
2/29/2024,FUTSTK,TATACONSUM,0,XX,1163.35,1161.2,1167.8,1146.75,1162.35,1162.35,2531,11044800,22-Feb-24,1,8,
2/29/2024,FUTSTK,TATACONSUM,0,XX,1162.35,1158.85,1168.65,1157,1161.15,1161.15,2195,10295100,23-Feb-24,1,8,0.2980046644
2/29/2024,FUTSTK,TATACONSUM,0,XX,1161.15,1154.9,1181.1,1151.3,1178.45,1178.45,5645,8798400,26-Feb-24,1,9,
2/29/2024,FUTSTK,TATACONSUM,0,XX,1178.45,1179.85,1187.95,1174.55,1182.5,1182.5,4902,6732000,27-Feb-24,1,9,
2/29/2024,FUTSTK,TATACONSUM,0,XX,1182.5,1183.65,1202.95,1164.55,1170.4,1170.4,5098,3968100,28-Feb-24,1,9,
3/28/2024,FUTSTK,TATACONSUM,0,XX,1196.3,1208.4,1218.25,1198.5,1206.9,1206.9,3974,10522800,1-Mar-24,1,9,2.414188128
3/28/2024,FUTSTK,TATACONSUM,0,XX,1214.8,1217.85,1217.95,1196.35,1207.95,1207.95,2275,10376100,4-Mar-24,1,10,
3/28/2024,FUTSTK,TATACONSUM,0,XX,1207.95,1205.35,1215.75,1201.75,1206.75,1206.75,1591,10373400,5-Mar-24,1,10,
3/28/2024,FUTSTK,TATACONSUM,0,XX,1206.75,1212.95,1227.6,1198.45,1224.3,1224.3,3916,10527300,6-Mar-24,1,10,
3/28/2024,FUTSTK,TATACONSUM,0,XX,1224.3,1227.85,1272.6,1220.3,1265.6,1265.6,11065,10703700,7-Mar-24,1,10,4.772548533
3/28/2024,FUTSTK,TATACONSUM,0,XX,1265.6,1259.8,1263,1212.1,1224,1224,6533,10706400,11-Mar-24,1,11,
3/28/2024,FUTSTK,TATACONSUM,0,XX,1224,1225.9,1228.4,1216.05,1220.8,1220.8,2267,10614600,12-Mar-24,1,11,
3/28/2024,FUTSTK,TATACONSUM,0,XX,1182.5,1177.7,1211.75,1168.55,1205.85,1205.85,4013,9990000,14-Mar-24,1,11,
3/28/2024,FUTSTK,TATACONSUM,0,XX,1205.85,1211.8,1221.05,1180.45,1215.05,1215.05,4278,9480600,15-Mar-24,1,11,-7.312091503
3/28/2024,FUTSTK,TATACONSUM,0,XX,1215.05,1207,1220.05,1186.6,1188.9,1188.9,2414,9644400,18-Mar-24,1,12,
3/28/2024,FUTSTK,TATACONSUM,0,XX,1188.9,1186.4,1189.7,1143,1150.2,1150.2,3956,9618300,19-Mar-24,1,12,
3/28/2024,FUTSTK,TATACONSUM,0,XX,1150.2,1150,1156.7,1115.25,1127.35,1127.35,4221,9306900,20-Mar-24,1,12,
3/28/2024,FUTSTK,TATACONSUM,0,XX,1127.35,1132.9,1141.95,1125.35,1137.6,1137.6,3340,8811900,21-Mar-24,1,12,-4.314912945
3/28/2024,FUTSTK,TATACONSUM,0,XX,1125.05,1108.65,1124.55,1108.65,1116.75,1116.75,4284,6064200,26-Mar-24,1,13,
3/28/2024,FUTSTK,TATACONSUM,0,XX,1116.75,1112.9,1115.5,1089,1093.6,1093.6,5790,3471300,27-Mar-24,1,13,
3/28/2024,FUTSTK,TATACONSUM,0,XX,1093.6,1101.15,1107.7,1093.7,1097.6,1096.2,4483,2347200,28-Mar-24,1,13,-1.840161182